Havering and Redbridge	Squirrel's Heath	E05000322
Havering and Redbridge	Upminster	E05000323
Havering and Redbridge	Rainham and Wennington	E05000318
Havering and Redbridge	South Hornchurch	E05000321
Havering and Redbridge	Elm Park	E05000308
Havering and Redbridge	Brooklands	E05000306
Havering and Redbridge	Romford Town	E05000319
Havering and Redbridge	Mawneys	E05000316
Havering and Redbridge	Pettits	E05000317
Havering and Redbridge	Hacton	E05000311
Havering and Redbridge	St. Andrew's	E05000320
Havering and Redbridge	Emerson Park	E05000309
Havering and Redbridge	Harold Wood	E05000312
Havering and Redbridge	Cranham	E05000307
Havering and Redbridge	Havering Park	E05000313
Havering and Redbridge	Heaton	E05000314
Havering and Redbridge	Gooshays	E05000310
Havering and Redbridge	Hylands	E05000315
Havering and Redbridge	Wanstead	E05000515
Havering and Redbridge	Cranbrook	E05000502
Havering and Redbridge	Goodmayes	E05000505
Havering and Redbridge	Newbury	E05000510
Havering and Redbridge	Roding	E05000511
Havering and Redbridge	Fairlop	E05000503
Havering and Redbridge	Aldborough	E05000495
Havering and Redbridge	Bridge	E05000497
Havering and Redbridge	Hainault	E05000506
Havering and Redbridge	Loxford	E05000507
Havering and Redbridge	Clementswood	E05000501
Havering and Redbridge	Mayfield	E05000508
Havering and Redbridge	Valentines	E05000514
Havering and Redbridge	Seven Kings	E05000512
Havering and Redbridge	Snaresbrook	E05000513
Havering and Redbridge	Clayhall	E05000500
Havering and Redbridge	Church End	E05000499
Havering and Redbridge	Barkingside	E05000496
Havering and Redbridge	Fullwell	E05000504
Havering and Redbridge	Chadwell	E05000498
Havering and Redbridge	Monkhams	E05000509
Croydon and Sutton	Woodside	E05000169
Croydon and Sutton	Thornton Heath	E05000165
Croydon and Sutton	Coulsdon East	E05000150
Croydon and Sutton	Selsdon and Ballards	E05000162
Croydon and Sutton	Coulsdon West	E05000151
Croydon and Sutton	Waddon	E05000167
Croydon and Sutton	Kenley	E05000156
Croydon and Sutton	Bensham Manor	E05000148
Croydon and Sutton	Purley	E05000159
Croydon and Sutton	Sanderstead	E05000160
Croydon and Sutton	Heathfield	E05000155
Croydon and Sutton	Norbury	E05000158
Croydon and Sutton	Fairfield	E05000153
Croydon and Sutton	Broad Green	E05000149
Croydon and Sutton	West Thornton	E05000168
Croydon and Sutton	New Addington	E05000157
Croydon and Sutton	Croham	E05000152
Croydon and Sutton	Fieldway	E05000154
Croydon and Sutton	Shirley	E05000163
Croydon and Sutton	Selhurst	E05000161
Croydon and Sutton	Ashburton	E05000147
Croydon and Sutton	Upper Norwood	E05000166
Croydon and Sutton	South Norwood	E05000164
Croydon and Sutton	Addiscombe	E05000146
Croydon and Sutton	Carshalton South and Clockhouse	E05000559
Croydon and Sutton	Beddington South	E05000556
Croydon and Sutton	Wandle Valley	E05000571
Croydon and Sutton	Wallington South	E05000570
Croydon and Sutton	Wallington North	E05000569
Croydon and Sutton	Beddington North	E05000555
Croydon and Sutton	Worcester Park	E05000572
Croydon and Sutton	Cheam	E05000560
Croydon and Sutton	St. Helier	E05000562
Croydon and Sutton	Belmont	E05000557
Croydon and Sutton	Nonsuch	E05000561
Croydon and Sutton	Sutton South	E05000566
Croydon and Sutton	Sutton West	E05000567
Croydon and Sutton	Sutton Central	E05000564
Croydon and Sutton	Carshalton Central	E05000558
Croydon and Sutton	Sutton North	E05000565
Croydon and Sutton	Stonecot	E05000563
Croydon and Sutton	The Wrythe	E05000568
Bexley and Bromley	Darwin	E05000117
Bexley and Bromley	Hayes and Coney Hall	E05000119
Bexley and Bromley	Clock House	E05000112
Bexley and Bromley	Bromley Common and Keston	E05000108
Bexley and Bromley	Chelsfield and Pratts Bottom	E05000110
Bexley and Bromley	Biggin Hill	E05000107
Bexley and Bromley	West Wickham	E05000127
Bexley and Bromley	Kelsey and Eden Park	E05000120
Bexley and Bromley	Farnborough and Crofton	E05000118
Bexley and Bromley	Shortlands	E05000126
Bexley and Bromley	Bromley Town	E05000109
Bexley and Bromley	Bickley	E05000106
Bexley and Bromley	Petts Wood and Knoll	E05000124
Bexley and Bromley	Crystal Palace	E05000116
Bexley and Bromley	Penge and Cator	E05000123
Bexley and Bromley	Copers Cope	E05000113
Bexley and Bromley	Plaistow and Sundridge	E05000125
Bexley and Bromley	Chislehurst	E05000111
Bexley and Bromley	Mottingham and Chislehurst North	E05000121
Bexley and Bromley	Orpington	E05000122
Bexley and Bromley	Cray Valley West	E05000115
Bexley and Bromley	Cray Valley East	E05000114
Bexley and Bromley	Longlands	E05000078
Bexley and Bromley	Blackfen and Lamorbey	E05000066
Bexley and Bromley	Cray Meadows	E05000072
Bexley and Bromley	Crayford	E05000071
Bexley and Bromley	Sidcup	E05000083
Bexley and Bromley	St. Mary's	E05000081
Bexley and Bromley	North End	E05000079
Bexley and Bromley	Falconwood and Welling	E05000076
Bexley and Bromley	East Wickham	E05000074
Bexley and Bromley	Northumberland Heath	E05000080
Bexley and Bromley	Blendon and Penhill	E05000067
Bexley and Bromley	Danson Park	E05000073
Bexley and Bromley	Christchurch	E05000069
Bexley and Bromley	St. Michael's	E05000082
Bexley and Bromley	Brampton	E05000068
Bexley and Bromley	Barnehurst	E05000064
Bexley and Bromley	Colyers	E05000070
Bexley and Bromley	Thamesmead East	E05000084
Bexley and Bromley	Erith	E05000075
Bexley and Bromley	Belvedere	E05000065
Bexley and Bromley	Lesnes Abbey	E05000077
South West	Chessington South	E05000405
South West	Tolworth and Hook Rise	E05000414
South West	Berrylands	E05000401
South West	Alexandra	E05000400
South West	Chessington North and Hook	E05000404
South West	Surbiton Hill	E05000413
South West	Old Malden	E05000410
South West	St. Mark's	E05000412
South West	St. James	E05000411
South West	Beverley	E05000402
South West	Coombe Hill	E05000406
South West	Hounslow Central	E05000358
South West	Grove	E05000408
South West	Canbury	E05000403
South West	Norbiton	E05000409
South West	Coombe Vale	E05000407
South West	Tudor	E05000415
South West	Chiswick Riverside	E05000349
South West	Heston West	E05000357
South West	Hanworth Park	E05000354
South West	Hounslow Heath	E05000359
South West	Hounslow West	E05000361
South West	Bedfont	E05000346
South West	Hanworth	E05000353
South West	Cranford	E05000350
South West	Syon	E05000364
South West	Heston East	E05000356
South West	Osterley and Spring Grove	E05000363
South West	Feltham North	E05000351
South West	Brentford	E05000347
South West	Chiswick Homefields	E05000348
South West	Feltham West	E05000352
South West	Heston Central	E05000355
South West	Hounslow South	E05000360
South West	Isleworth	E05000362
South West	Turnham Green	E05000365
South West	Hampton Wick	E05000522
South West	Hampton	E05000520
South West	Teddington	E05000530
South West	Heathfield	E05000523
South West	Twickenham Riverside	E05000531
South West	Ham, Petersham and Richmond Riverside	E05000519
South West	North Richmond	E05000526
South West	Kew	E05000524
South West	East Sheen	E05000517
South West	Whitton	E05000533
South West	Mortlake and Barnes Common	E05000525
South West	Hampton North	E05000521
South West	Fulwell and Hampton Hill	E05000518
South West	West Twickenham	E05000532
South West	South Twickenham	E05000529
South West	St. Margarets and North Twickenham	E05000527
South West	South Richmond	E05000528
South West	Barnes	E05000516
Ealing and Hillingdon	Heathrow Villages	E05000331
Ealing and Hillingdon	Southall Broadway	E05000189
Ealing and Hillingdon	Norwood Green	E05000186
Ealing and Hillingdon	Southall Green	E05000190
Ealing and Hillingdon	Elthorne	E05000176
Ealing and Hillingdon	Northolt West End	E05000185
Ealing and Hillingdon	Dormers Wells	E05000172
Ealing and Hillingdon	Greenford Broadway	E05000177
Ealing and Hillingdon	North Greenford	E05000183
Ealing and Hillingdon	Northfield	E05000182
Ealing and Hillingdon	East Acton	E05000175
Ealing and Hillingdon	Walpole	E05000192
Ealing and Hillingdon	Lady Margaret	E05000181
Ealing and Hillingdon	Northolt Mandeville	E05000184
Ealing and Hillingdon	Greenford Green	E05000178
Ealing and Hillingdon	Hobbayne	E05000180
Ealing and Hillingdon	Cleveland	E05000171
Ealing and Hillingdon	South Acton	E05000188
Ealing and Hillingdon	Perivale	E05000187
Ealing and Hillingdon	Ealing Common	E05000174
Ealing and Hillingdon	Ealing Broadway	E05000173
Ealing and Hillingdon	Southfield	E05000191
Ealing and Hillingdon	Acton Central	E05000170
Ealing and Hillingdon	Hanger Hill	E05000179
Ealing and Hillingdon	Uxbridge North	E05000340
Ealing and Hillingdon	Hillingdon East	E05000332
Ealing and Hillingdon	Harefield	E05000330
Ealing and Hillingdon	West Drayton	E05000342
Ealing and Hillingdon	Yiewsley	E05000345
Ealing and Hillingdon	Uxbridge South	E05000341
Ealing and Hillingdon	Brunel	E05000326
Ealing and Hillingdon	Ickenham	E05000333
Ealing and Hillingdon	West Ruislip	E05000343
Ealing and Hillingdon	Northwood	E05000335
Ealing and Hillingdon	Eastcote and East Ruislip	E05000329
Ealing and Hillingdon	South Ruislip	E05000338
Ealing and Hillingdon	Manor	E05000334
Ealing and Hillingdon	Cavendish	E05000327
Ealing and Hillingdon	Northwood Hills	E05000336
Ealing and Hillingdon	Pinkwell	E05000337
Ealing and Hillingdon	Botwell	E05000325
Ealing and Hillingdon	Charville	E05000328
Ealing and Hillingdon	Townfield	E05000339
Ealing and Hillingdon	Barnhill	E05000324
Ealing and Hillingdon	Yeading	E05000344
Brent and Harrow	Harlesden	E05000091
Brent and Harrow	Willesden Green	E05000105
Brent and Harrow	Roxeth	E05000302
Brent and Harrow	Kenton	E05000093
Brent and Harrow	Harrow on the Hill	E05000289
Brent and Harrow	Pinner	E05000297
Brent and Harrow	Roxbourne	E05000301
Brent and Harrow	Pinner South	E05000298
Brent and Harrow	Greenhill	E05000288
Brent and Harrow	West Harrow	E05000305
Brent and Harrow	Headstone North	E05000292
Brent and Harrow	Marlborough	E05000296
Brent and Harrow	Edgware	E05000287
Brent and Harrow	Harrow Weald	E05000290
Brent and Harrow	Stanmore Park	E05000303
Brent and Harrow	Northwick Park	E05000096
Brent and Harrow	Canons	E05000286
Brent and Harrow	Rayners Lane	E05000300
Brent and Harrow	Wembley Central	E05000104
Brent and Harrow	Hatch End	E05000291
Brent and Harrow	Headstone South	E05000293
Brent and Harrow	Kenton West	E05000295
Brent and Harrow	Wealdstone	E05000304
Brent and Harrow	Belmont	E05000285
Brent and Harrow	Kenton East	E05000294
Brent and Harrow	Queensbury	E05000299
Brent and Harrow	Kensal Green	E05000092
Brent and Harrow	Preston	E05000097
Brent and Harrow	Stonebridge	E05000100
Brent and Harrow	Welsh Harp	E05000103
Brent and Harrow	Barnhill	E05000086
Brent and Harrow	Fryent	E05000090
Brent and Harrow	Sudbury	E05000101
Brent and Harrow	Alperton	E05000085
Brent and Harrow	Queens Park	E05000098
Brent and Harrow	Brondesbury Park	E05000087
Brent and Harrow	Kilburn	E05000094
Brent and Harrow	Tokyngton	E05000102
Brent and Harrow	Dudden Hill	E05000089
Brent and Harrow	Dollis Hill	E05000088
Brent and Harrow	Mapesbury	E05000095
Brent and Harrow	Queensbury	E05000099
Barnet and Camden	Totteridge	E05000059
Barnet and Camden	High Barnet	E05000056
Barnet and Camden	Colindale	E05000046
Barnet and Camden	Underhill	E05000060
Barnet and Camden	West Hendon	E05000062
Barnet and Camden	Golders Green	E05000053
Barnet and Camden	East Finchley	E05000049
Barnet and Camden	Childs Hill	E05000045
Barnet and Camden	Garden Suburb	E05000052
Barnet and Camden	Finchley Church End	E05000051
Barnet and Camden	Edgware	E05000050
Barnet and Camden	Woodhouse	E05000063
Barnet and Camden	Mill Hill	E05000057
Barnet and Camden	Hale	E05000054
Barnet and Camden	Oakleigh	E05000058
Barnet and Camden	East Barnet	E05000048
Barnet and Camden	Burnt Oak	E05000044
Barnet and Camden	Hendon	E05000055
Barnet and Camden	West Finchley	E05000061
Barnet and Camden	Swiss Cottage	E05000144
Barnet and Camden	Highgate	E05000137
Barnet and Camden	Kilburn	E05000140
Barnet and Camden	Fortune Green	E05000132
Barnet and Camden	Frognal and Fitzjohns	E05000133
Barnet and Camden	Hampstead Town	E05000135
Barnet and Camden	West Hampstead	E05000145
Barnet and Camden	Belsize	E05000128
Barnet and Camden	Haverstock	E05000136
Barnet and Camden	Coppetts	E05000047
Barnet and Camden	Brunswick Park	E05000043
Barnet and Camden	Gospel Oak	E05000134
Barnet and Camden	Kentish Town	E05000139
Barnet and Camden	St. Pancras and Somers Town	E05000143
Barnet and Camden	Bloomsbury	E05000129
Barnet and Camden	Holborn and Covent Garden	E05000138
Barnet and Camden	Camden Town with Primrose Hill	E05000130
Barnet and Camden	Cantelowes	E05000131
Barnet and Camden	King's Cross	E05000141
Barnet and Camden	Regent's Park	E05000142
Lambeth and Southwark	Oval	E05000426
Lambeth and Southwark	Clapham Town	E05000419
Lambeth and Southwark	Stockwell	E05000429
Lambeth and Southwark	St. Leonard's	E05000428
Lambeth and Southwark	Streatham South	E05000431
Lambeth and Southwark	Streatham Wells	E05000432
Lambeth and Southwark	Knight's Hill	E05000424
Lambeth and Southwark	Thornton	E05000433
Lambeth and Southwark	Streatham Hill	E05000430
Lambeth and Southwark	Clapham Common	E05000418
Lambeth and Southwark	East Dulwich	E05000539
Lambeth and Southwark	Brixton Hill	E05000417
Lambeth and Southwark	Tulse Hill	E05000435
Lambeth and Southwark	Coldharbour	E05000420
Lambeth and Southwark	Ferndale	E05000421
Lambeth and Southwark	Larkhall	E05000425
Lambeth and Southwark	Vassall	E05000436
Lambeth and Southwark	Gipsy Hill	E05000422
Lambeth and Southwark	Thurlow Park	E05000434
Lambeth and Southwark	Herne Hill	E05000423
Lambeth and Southwark	College	E05000538
Lambeth and Southwark	Village	E05000554
Lambeth and Southwark	South Camberwell	E05000551
Lambeth and Southwark	Peckham Rye	E05000547
Lambeth and Southwark	Camberwell Green	E05000535
Lambeth and Southwark	Brunswick Park	E05000534
Lambeth and Southwark	The Lane	E05000553
Lambeth and Southwark	Nunhead	E05000545
Lambeth and Southwark	Peckham	E05000546
Lambeth and Southwark	Livesey	E05000543
Lambeth and Southwark	Bishop's	E05000416
Lambeth and Southwark	Prince's	E05000427
Lambeth and Southwark	Riverside	E05000548
Lambeth and Southwark	Newington	E05000544
Lambeth and Southwark	Faraday	E05000541
Lambeth and Southwark	East Walworth	E05000540
Lambeth and Southwark	South Bermondsey	E05000550
Lambeth and Southwark	Cathedrals	E05000536
Lambeth and Southwark	Grange	E05000542
Lambeth and Southwark	Rotherhithe	E05000549
Lambeth and Southwark	Surrey Docks	E05000552
Lambeth and Southwark	Chaucer	E05000537
Greenwich and Lewisham	Perry Vale	E05000450
Greenwich and Lewisham	Forest Hill	E05000444
Greenwich and Lewisham	Bellingham	E05000437
Greenwich and Lewisham	Telegraph Hill	E05000453
Greenwich and Lewisham	Downham	E05000442
Greenwich and Lewisham	Whitefoot	E05000454
Greenwich and Lewisham	Blackheath	E05000438
Greenwich and Lewisham	Sydenham	E05000452
Greenwich and Lewisham	Rushey Green	E05000451
Greenwich and Lewisham	Catford South	E05000440
Greenwich and Lewisham	Crofton Park	E05000441
Greenwich and Lewisham	Ladywell	E05000446
Greenwich and Lewisham	Lewisham Central	E05000448
Greenwich and Lewisham	Brockley	E05000439
Greenwich and Lewisham	New Cross	E05000449
Greenwich and Lewisham	Grove Park	E05000445
Greenwich and Lewisham	Lee Green	E05000447
Greenwich and Lewisham	Kidbrooke with Hornfair	E05000223
Greenwich and Lewisham	Middle Park and Sutcliffe	E05000224
Greenwich and Lewisham	Coldharbour and New Eltham	E05000217
Greenwich and Lewisham	Eltham South	E05000219
Greenwich and Lewisham	Shooters Hill	E05000227
Greenwich and Lewisham	Greenwich West	E05000222
Greenwich and Lewisham	Eltham West	E05000220
Greenwich and Lewisham	Blackheath Westcombe	E05000215
Greenwich and Lewisham	Eltham North	E05000218
Greenwich and Lewisham	Woolwich Common	E05000229
Greenwich and Lewisham	Evelyn	E05000443
Greenwich and Lewisham	Peninsula	E05000225
Greenwich and Lewisham	Woolwich Riverside	E05000230
Greenwich and Lewisham	Charlton	E05000216
Greenwich and Lewisham	Plumstead	E05000226
Greenwich and Lewisham	Glyndon	E05000221
Greenwich and Lewisham	Thamesmead Moorings	E05000228
Greenwich and Lewisham	Abbey Wood	E05000214
North East	Hoe Street	E05000601
North East	Forest	E05000595
North East	Leyton	E05000604
North East	Chingford Green	E05000593
North East	Cathall	E05000591
North East	Grove Green	E05000596
North East	Wood Street	E05000609
North East	Chapel End	E05000592
North East	Hale End and Highams Park	E05000597
North East	Cann Hall	E05000590
North East	Larkswood	E05000602
North East	Endlebury	E05000594
North East	Hatch Lane	E05000598
North East	Leytonstone	E05000605
North East	William Morris	E05000608
North East	High Street	E05000599
North East	Higham Hill	E05000600
North East	Valley	E05000607
North East	Markhouse	E05000606
North East	Lea Bridge	E05000603
North East	Holloway	E05000375
North East	Highbury East	E05000372
North East	Mildmay	E05000377
North East	Highbury West	E05000373
North East	Tollington	E05000381
North East	St. George's	E05000378
North East	Junction	E05000376
North East	Finsbury Park	E05000371
North East	Hillrise	E05000374
North East	Dalston	E05009370
North East	Hackney Wick	E05009374
North East	Clissold	E05009369
North East	Hackney Downs	E05009373
North East	Lea Bridge	E05009380
North East	Cazenove	E05009368
North East	Hackney Central	E05009372
North East	Springfield	E05009383
North East	King's Park	E05009379
North East	Brownswood	E05009367
North East	Homerton	E05009376
North East	Shacklewell	E05009382
North East	Stoke Newington	E05009385
North East	Woodberry Down	E05009387
North East	Stamford Hill West	E05009384
North East	Clerkenwell	E05000370
North East	Canonbury	E05000369
North East	Caledonian	E05000368
North East	St. Mary's	E05000379
North East	Bunhill	E05000367
North East	St. Peter's	E05000380
North East	Barnsbury	E05000366
North East	Hoxton East & Shoreditch	E05009377
North East	Haggerston	E05009375
North East	De Beauvoir	E05009371
North East	London Fields	E05009381
North East	Victoria	E05009386
North East	Hoxton West	E05009378
Enfield and Haringey	West Green	E05000282
Enfield and Haringey	Southgate Green	E05000209
Enfield and Haringey	Town	E05000210
Enfield and Haringey	Southbury	E05000207
Enfield and Haringey	Chase	E05000195
Enfield and Haringey	Winchmore Hill	E05000213
Enfield and Haringey	Cockfosters	E05000196
Enfield and Haringey	Highlands	E05000202
Enfield and Haringey	Turkey Street	E05000211
Enfield and Haringey	Upper Edmonton	E05000212
Enfield and Haringey	Palmers Green	E05000205
Enfield and Haringey	Edmonton Green	E05000197
Enfield and Haringey	Lower Edmonton	E05000204
Enfield and Haringey	Grange	E05000200
Enfield and Haringey	Jubilee	E05000203
Enfield and Haringey	Ponders End	E05000206
Enfield and Haringey	Enfield Highway	E05000198
Enfield and Haringey	Bowes	E05000193
Enfield and Haringey	Southgate	E05000208
Enfield and Haringey	Haselbury	E05000201
Enfield and Haringey	Bush Hill Park	E05000194
Enfield and Haringey	Enfield Lock	E05000199
Enfield and Haringey	Stroud Green	E05000279
Enfield and Haringey	Bounds Green	E05000267
Enfield and Haringey	Crouch End	E05000269
Enfield and Haringey	Harringay	E05000271
Enfield and Haringey	Fortis Green	E05000270
Enfield and Haringey	Muswell Hill	E05000274
Enfield and Haringey	Hornsey	E05000273
Enfield and Haringey	Alexandra	E05000266
Enfield and Haringey	Tottenham Green	E05000280
Enfield and Haringey	Noel Park	E05000275
Enfield and Haringey	Woodside	E05000284
Enfield and Haringey	St. Ann's	E05000277
Enfield and Haringey	Seven Sisters	E05000278
Enfield and Haringey	Tottenham Hale	E05000281
Enfield and Haringey	White Hart Lane	E05000283
Enfield and Haringey	Bruce Grove	E05000268
Enfield and Haringey	Northumberland Park	E05000276
Enfield and Haringey	Highgate	E05000272
City and East	Green Street West	E05000486
City and East	Island Gardens	E05009324
City and East	Canary Wharf	E05009323
City and East	Blackwall & Cubitt Town	E05009318
City and East	Poplar	E05009328
City and East	Bromley South	E05009322
City and East	Lansbury	E05009325
City and East	Bromley North	E05009321
City and East	East Ham South	E05000482
City and East	Royal Docks	E05000491
City and East	Canning Town North	E05000477
City and East	Beckton	E05000475
City and East	Stratford and New Town	E05000492
City and East	Canning Town South	E05000478
City and East	Custom House	E05000479
City and East	Plaistow South	E05000490
City and East	West Ham	E05000494
City and East	Plaistow North	E05000489
City and East	Forest Gate South	E05000484
City and East	Boleyn	E05000476
City and East	East Ham Central	E05000480
City and East	Green Street East	E05000485
City and East	East Ham North	E05000481
City and East	Wall End	E05000493
City and East	Forest Gate North	E05000483
City and East	Manor Park	E05000488
City and East	Little Ilford	E05000487
City and East	Gascoigne	E05000032
City and East	Thames	E05000039
City and East	Alibon	E05000027
City and East	River	E05000038
City and East	Village	E05000041
City and East	Abbey	E05000026
City and East	Longbridge	E05000035
City and East	Eastbury	E05000031
City and East	Goresbrook	E05000033
City and East	Mayesbrook	E05000036
City and East	Becontree	E05000028
City and East	Valence	E05000040
City and East	Heath	E05000034
City and East	Whalebone	E05000042
City and East	Eastbrook	E05000030
City and East	Chadwell Heath	E05000029
City and East	Parsloes	E05000037
City and East	Billingsgate	E05009291
City and East	Walbrook	E05009312
City and East	Cornhill	E05009301
City and East	St. Katharine's & Wapping	E05009330
City and East	Shadwell	E05009332
City and East	Spitalfields & Banglatown	E05009333
City and East	St. Peter's	E05009331
City and East	Bethnal Green	E05009317
City and East	St. Dunstan's	E05009329
City and East	Mile End	E05009327
City and East	Bow West	E05009320
City and East	Bow East	E05009319
City and East	Whitechapel	E05009336
City and East	Stepney Green	E05009334
City and East	Limehouse	E05009326
City and East	Weavers	E05009335
City and East	Cripplegate	E05009302
City and East	Castle Baynard	E05009297
City and East	Farringdon Without	E05009305
City and East	Farringdon Within	E05009304
City and East	Langbourn	E05009306
City and East	Tower	E05009310
City and East	Bishopsgate	E05009292
City and East	Queenhithe	E05009309
City and East	Vintry	E05009311
City and East	Cordwainer	E05009300
City and East	Bread Street	E05009293
City and East	Cheap	E05009298
City and East	Bassishaw	E05009290
City and East	Aldersgate	E05009288
City and East	Dowgate	E05009303
City and East	Bridge	E05009294
City and East	Lime Street	E05009307
City and East	Aldgate	E05009289
City and East	Broad Street	E05009295
City and East	Coleman Street	E05009299
City and East	Portsoken	E05009308
City and East	Candlewick	E05009296
Merton and Wandsworth	Cricket Green	E05000458
Merton and Wandsworth	Pollards Hill	E05000467
Merton and Wandsworth	Ravensbury	E05000468
Merton and Wandsworth	Longthornton	E05000464
Merton and Wandsworth	Lavender Fields	E05000463
Merton and Wandsworth	Wandsworth Common	E05000627
Merton and Wandsworth	Graveney	E05000616
Merton and Wandsworth	Nightingale	E05000618
Merton and Wandsworth	Furzedown	E05000615
Merton and Wandsworth	Bedford	E05000611
Merton and Wandsworth	Northcote	E05000619
Merton and Wandsworth	St. Mary's Park	E05000622
Merton and Wandsworth	Queenstown	E05000620
Merton and Wandsworth	Shaftesbury	E05000623
Merton and Wandsworth	Lower Morden	E05000465
Merton and Wandsworth	St. Helier	E05000470
Merton and Wandsworth	Graveney	E05000461
Merton and Wandsworth	Cannon Hill	E05000456
Merton and Wandsworth	Village	E05000472
Merton and Wandsworth	Wimbledon Park	E05000474
Merton and Wandsworth	West Barnes	E05000473
Merton and Wandsworth	Raynes Park	E05000469
Merton and Wandsworth	Dundonald	E05000459
Merton and Wandsworth	Merton Park	E05000466
Merton and Wandsworth	Abbey	E05000455
Merton and Wandsworth	Figge's Marsh	E05000460
Merton and Wandsworth	Hillside	E05000462
Merton and Wandsworth	Trinity	E05000471
Merton and Wandsworth	Colliers Wood	E05000457
Merton and Wandsworth	Roehampton and Putney Heath	E05000621
Merton and Wandsworth	Thamesfield	E05000625
Merton and Wandsworth	West Hill	E05000628
Merton and Wandsworth	West Putney	E05000629
Merton and Wandsworth	East Putney	E05000613
Merton and Wandsworth	Tooting	E05000626
Merton and Wandsworth	Southfields	E05000624
Merton and Wandsworth	Earlsfield	E05000612
Merton and Wandsworth	Balham	E05000610
Merton and Wandsworth	Fairfield	E05000614
Merton and Wandsworth	Latchmere	E05000617
West Central	Churchill	E05000633
West Central	Tachbrook	E05000645
West Central	Chelsea Riverside	E05009391
West Central	Earl's Court	E05009395
West Central	Hammersmith Broadway	E05000256
West Central	Palace Riverside	E05000259
West Central	Munster	E05000257
West Central	Sands End	E05000262
West Central	Parsons Green and Walham	E05000260
West Central	Fulham Broadway	E05000254
West Central	Ravenscourt Park	E05000261
West Central	Avonmore and Brook Green	E05000252
West Central	Town	E05000264
West Central	Fulham Reach	E05000255
West Central	North End	E05000258
West Central	Redcliffe	E05009402
West Central	Stanley	E05009405
West Central	Abingdon	E05009388
West Central	Royal Hospital	E05009403
West Central	Courtfield	E05009393
West Central	Brompton & Hans Town	E05009389
West Central	St. James's	E05000644
West Central	Hyde Park	E05000636
West Central	Vincent Square	E05000646
West Central	West End	E05000649
West Central	Bryanston and Dorset Square	E05000632
West Central	Warwick	E05000647
West Central	Lancaster Gate	E05000638
West Central	Holland	E05009397
West Central	Norland	E05009398
West Central	Dalgarno	E05009394
West Central	Golborne	E05009396
West Central	Westbourne	E05000648
West Central	Askew	E05000251
West Central	Wormholt and White City	E05000265
West Central	Shepherd's Bush Green	E05000263
West Central	Addison	E05000250
West Central	College Park and Old Oak	E05000253
West Central	Notting Dale	E05009399
West Central	St. Helen's	E05009404
West Central	Queen's Gate	E05009401
West Central	Campden	E05009390
West Central	Knightsbridge and Belgravia	E05000637
West Central	Harrow Road	E05000635
West Central	Regent's Park	E05000643
West Central	Abbey Road	E05000630
West Central	Marylebone High Street	E05000641
West Central	Queen's Park	E05000642
West Central	Bayswater	E05000631
West Central	Little Venice	E05000639
West Central	Maida Vale	E05000640
West Central	Church Street	E05000634
West Central	Colville	E05009392
West Central	Pembridge	E05009400
